<?xml version="1.0" encoding="UTF-8"?>
<rss version="2.0" xmlns:ror="http://rorweb.com/0.1/" >
<channel>
  <title>ROR Sitemap for http://thepsychicgodfather.com/</title>
  <link>http://thepsychicgodfather.com/</link>

<item>
     <link>http://thepsychicgodfather.com/</link>
     <title>Jason Donegan - The Psychic Godfather&amp;trade; | Tarot | Tea Room Readings | Palm Readings | Clairvoyance | Clairaudience | Channeling | Psychometry</title>
     <description>Jason Donegan, The Psychic Godfather, the former psychic to the Mob</description>
     <ror:updatePeriod></ror:updatePeriod>
     <ror:sortOrder>0</ror:sortOrder>
     <ror:resourceOf>sitemap</ror:resourceOf>
</item>
<item>
     <link>http://thepsychicgodfather.com/index.html</link>
     <title>Jason Donegan - The Psychic Godfather&amp;trade; | Tarot | Tea Room Readings | Palm Readings | Clairvoyance | Clairaudience | Channeling | Psychometry</title>
     <description>Jason Donegan, The Psychic Godfather, the former psychic to the Mob</description>
     <ror:updatePeriod></ror:updatePeriod>
     <ror:sortOrder>1</ror:sortOrder>
     <ror:resourceOf>sitemap</ror:resourceOf>
</item>
</channel>
</rss>
  